1.870020690034858379e+00,2.522683631455180375e-02
3.591785251111312416e+00,8.058907372039518791e-01
1.529246550816197647e+00,1.655092759185838869e+00
9.254813973836784058e-02,2.117325365151588645e+00
1.986402063332179502e+00,3.159741650016940184e+00
2.535533557106618652e+00,2.149612764151350497e+00
2.675300173171454521e+00,3.468341809833185074e+00
3.493742608278679107e+00,9.748678261624399433e-01
1.451003552260994311e+00,1.428879124235375997e-01
2.585043691151005518e+00,3.923734972000726184e+00
3.884337006963459960e+00,5.427443312295539002e-01
1.665360384547196038e+00,3.950908477103434624e+00
1.024490333931232122e+00,1.324401096306750070e+00
2.295118309020747649e+00,7.550456243979026816e-01
1.717276324872010651e+00,3.607434980957341164e+00
7.621432686840590165e-02,2.536656259901046706e+00
1.994799289456075542e+00,7.576569092827982743e-01
3.542394922029190596e-02,3.407301957795671576e+00
2.442473096393604770e-01,2.048627357213280487e+00
3.343966413203844912e+00,4.851662005236319075e-01
3.128623988631805464e+00,1.465685736781221937e+00
3.306591439361739049e-02,5.452498752411036875e-01
2.383988500907967545e+00,2.053858464431606468e+00
1.579989037319567746e+00,2.057191717251293017e+00
1.091248946786629759e+00,2.037935597921136655e+00
1.431117884581662558e+00,3.426145415843066200e+00
6.865107505966165924e-01,1.339440947520567082e+00
3.015163561565993522e+00,1.583144919890536073e+00
6.055902033599109835e-01,1.065980800516146410e+00
3.246343620535915520e+00,1.231109562197850504e+00
1.321768430934462391e+00,3.092986000164586358e+00
6.827500940941648722e-01,1.280811968022732117e+00
1.915640922772157584e+00,1.192432722421942870e+00
2.208011060059040354e+00,1.428794117130913310e+00
3.621021333105155726e+00,3.753841120606177029e+00
2.423166392235325706e+00,8.407307280276898886e-01
1.895816360662755606e+00,6.174518061560201332e-01
5.477750153145191092e-01,1.242781860783108705e-01
2.877236564288543796e+00,3.233442074130806532e+00
1.885740082593043709e+00,1.288867014178706860e+00
2.302819805708839151e+00,2.209007011669362974e+00
9.402639532012115886e-01,3.666764749234438181e+00
1.767674037384820540e+00,4.904763883485157017e-01
1.067554334134035443e-02,2.787728391809515927e+00
5.540641336082736679e-01,9.414698217985613127e-01
4.015168694696056306e-01,1.126805036158552653e+00
2.373181004535480643e+00,1.558206020962401350e+00
1.770104933994510965e+00,1.557566728191043470e+00
2.215595921513378030e+00,1.152334836381883498e+00
2.854052353167915168e+00,1.457188694381256866e+00
3.219866239887998027e+00,6.617132718433240690e-01
4.972793394339536377e-01,2.808555440686017590e+00
1.074207106031591419e+00,2.875405387760273879e+00
4.047211628208677858e-01,1.270121123589555090e+00
2.828166827236190617e+00,1.557489424410091861e+00
4.054610434144731990e-01,9.619432964576146716e-01
1.131089564978464246e+00,2.745482135112475852e-01
3.005301832218907343e+00,3.776981052543191719e+00
1.618332855662787839e+00,3.709849362209186818e+00
2.791163925698331383e+00,2.870473930943102658e-01
5.489628534366843837e-01,4.074132410837605356e-01
4.924508384294590257e-03,1.351253191643464913e+00
1.675067675096906683e+00,3.509706850600496253e+00
3.751418842403687393e+00,3.410593941827944064e+00
3.540039704111686003e+00,7.796295761936447022e-01
2.746845732811590501e+00,1.783124943348362912e+00
6.996752864789206328e-01,2.923171120832590564e+00
2.798650334339813917e+00,1.374141892159919109e-01
9.112888758633008734e-02,3.668895650829513855e+00
2.276456674045954198e+00,5.450877546009711416e-01
8.218853089996147609e-01,2.909643285714203831e+00
9.745785492313876475e-01,1.111962983999708499e+00
3.938178194554376788e+00,1.234188193857320481e+00
3.216334179322486886e+00,2.447660092660405518e+00
3.279214697236631171e+00,8.995285117156255339e-01
3.272141160956242967e+00,8.482867324189604652e-01
2.583692781208107192e+00,8.602148532108255807e-02
1.007071619650361960e+00,1.249841931658387306e+00
1.749690256077807149e+00,3.790243597651187457e+00
1.717446664099208320e+00,3.865796566075252461e+00
3.798021790215940108e+00,1.338717756803127212e+00
3.320192201895087791e+00,2.875268674222823506e+00
1.633232075848859211e+00,1.685063751778455909e+00
3.991122734512559056e+00,1.746426728635376513e+00
3.746306181914245137e-01,3.392398032823340515e+00
8.171487691851844204e-01,6.746993120452136061e-01
2.389211196927568892e+00,6.563823795885017631e-01
9.872124946993774408e-01,3.579177486684506526e+00
1.431169628021995432e+00,2.405649912689362679e+00
3.259068059091950076e+00,1.399185598358824834e+00
2.239130622892393063e+00,1.970612791221528770e+00
5.858206053415462300e-01,2.209291923446050632e+00
2.952040486826312815e-01,3.443599408140781915e+00
3.590035355876725731e+00,3.914124438380581328e+00
3.224549014126870006e+00,2.054719296869127909e+00
2.175391232637984285e+00,1.692811660839665944e+00
2.162414819940533306e+00,4.233080113512741605e-01
1.730150572810515985e+00,7.205071900315207500e-01
3.872367551679329445e+00,3.352895952658758727e+00
2.090398585748078908e-01,1.169421077725024460e+00
3.687210256410038411e+00,2.104174610977890048e+00
3.771993769270312047e+00,1.053775285134455064e+00
1.626376768860489097e+00,1.717523603728272619e-01
2.363763062688580163e+00,2.253937093740166375e+00
1.450482541771299871e+00,3.031450424731541471e+00
3.348419541329839877e+00,1.420356471530443976e+00
2.445152152975751392e-01,2.863990954974684922e+00
3.544241151306087634e+00,7.738356089961051509e-02
9.212348597674080430e-01,1.456078657721082248e+00
3.768305448331780383e+00,3.317974431374016486e+00
8.677277496218378516e-01,2.240554046567517776e+00
1.891047021179701471e+00,2.149471603228600980e+00
2.803533359878873643e+00,2.081570209272951999e+00
1.204985656945246841e+00,3.742219895824935083e+00
3.923257456591250580e+00,5.246922516222025656e-01
1.482576954638936684e-02,7.605728969541547535e-01
2.172965353457536608e-01,2.271152265081730626e-01
1.932866207282137871e-01,4.133603732454016466e-01
3.868637393447573736e-01,8.711647453567454846e-01
2.361848595232480363e+00,3.134721592306310090e+00
2.357280078206892338e+00,1.148094671648549614e+00
2.591391797144983578e+00,3.259699797236136565e+00
1.795521439143633380e+00,2.850242375233630554e+00
2.647256313831745089e+00,2.460107420138327949e+00
2.773011218136600675e-02,2.842274959162077508e+00
2.516273388886109963e-01,3.760858287705804326e+00
8.335915500833590563e-01,4.737670385725145650e-01
1.444701792787153494e+00,4.854848519554377795e-01
1.780995874381940958e-01,3.415200870242436793e+00
1.129111627156258901e+00,8.159113306398388943e-01
3.007371521699599981e-01,3.662843788151342039e-01
2.287358125920483598e+00,1.952678951155491394e+00
3.405432592043483364e+00,3.729125838423199113e+00
3.314059378366072117e+00,2.914408868491523030e+00
2.502700489773086456e+00,1.924712144028241756e+00
3.723575407761533285e+00,3.547504408134492415e+00
1.657676833141228379e+00,2.804504333822356976e+00
3.147714370553457819e+00,2.247319229271657282e+00
8.031697914498314717e-01,2.576632374714005635e+00
1.664458530261309299e+00,2.671713775287744230e+00
1.517903417273381628e+00,2.749013084658092243e+00
3.607003613801273101e+00,2.880034047718929013e+00
1.558550993886727021e-01,1.163553176612328155e+00
2.248382574601948569e+00,3.928056014883495539e+00
2.024399750386873809e+00,1.148564573211629636e+00
1.806602564069783590e+00,1.430618436469251353e+00
1.418302119806427619e+00,3.220493609615792785e+00
1.664496788458245558e+00,4.090227280365277274e-01
2.671722617919862763e-01,2.806210372549837295e+00
7.501861997386565228e-01,3.144213696681807946e+00
3.156629888437139986e+00,2.183779427878388635e+00
1.233950265293053850e+00,2.702440415504170801e+00
3.355576946209031242e-01,1.052888408548486865e-01
2.992892182002598211e+00,2.832510328113301501e+00
3.670965718650176512e-02,2.589569201898582307e+00
6.911255730257268581e-01,6.570115914569663040e-01
2.817592532788636195e+00,3.765139344234608387e+00
5.007968068925578997e-01,3.306901485947878250e+00
1.055295827138851283e+00,3.451541335901189278e-01
2.789655400183856049e+00,3.048034075604459936e+00
2.767250187456562038e+00,4.242905264416729771e-01
1.927775084402907790e+00,1.884063457165803701e+00
3.701066526576719085e+00,3.694272611367535042e+00
1.412924759561406063e+00,1.056475541172435140e+00
1.890829015916200451e+00,1.105235757486276782e+00
2.268594578639382409e+00,1.892736163085135370e+00
1.809486125722630234e-01,2.477063456231907601e+00
4.330714606884646933e-01,2.199997451063042231e+00
1.602173047904855707e-01,3.468333571835525486e+00
1.807416115190224826e+00,1.936632222342303145e+00
4.844372163037244938e-01,5.407131386261152528e-01
1.523295861809593976e+00,1.364646963962472981e+00
2.328749612966000360e+00,3.030778853252232174e+00
3.427258952136406300e+00,2.515983452682081900e+00
1.585102961204795768e+00,3.907466397585835693e+00
2.917728436268784975e-01,1.868864540816962627e+00
2.197652809135735463e+00,3.619438190135349842e+00
2.781294488093179584e+00,1.430095616454422736e+00
3.543901036230150403e+00,4.841642862884691922e-01
2.985976578271054560e+00,2.401098317230586421e+00
3.166993067198342615e+00,1.736673109137127025e+00
2.680935462360302335e+00,4.315188454112695027e-01
2.862263448109028108e+00,3.897102505817002793e+00
2.952118072302090113e-01,1.890709500567568480e+00
2.915125305287978641e+00,1.259207486080173855e+00
2.841561519300054517e+00,3.229942000965932536e+00
2.391183109629009262e+00,2.232537700941540137e+00
2.429170849153960976e+00,1.358081650860575529e+00
2.438703062211515338e+00,3.403621097064136514e+00
3.819497793860426427e+00,1.608943773962575374e+00
3.619951465290307979e+00,4.448304766358570639e-01
2.800748626134494934e-01,3.608221949191154021e+00
2.479930391539250767e+00,2.144183502852228251e+00
2.510459590572577948e+00,2.066992385982098668e+00
1.677071539448836024e+00,1.222503526348943659e+00
9.293549242169900637e-01,2.510580657878952238e+00
3.355044072227421736e+00,2.461715673769627077e+00
5.238970647751686194e-01,2.782474506848370943e+00
2.786083866776468465e+00,2.758544656477969426e+00
1.289505857116421517e+00,1.209913497481068578e+00
1.609078995733538520e+00,3.443508929523244610e-01
1.283177600247202399e+00,2.558345502179970588e-01
8.121424183941008401e-01,1.900430282930893888e-01
1.621050183479036733e+00,6.835111727430907003e-01
2.963379071642692875e+00,3.617715276526641155e+00
3.104477631049197939e+00,6.611711752243292217e-01
2.773850022669632320e+00,2.252411018208494209e+00
3.265720189452248068e+00,1.700633920034698487e+00
7.316639579959249851e-01,2.426620284652082571e+00
8.221096478282463593e-02,1.537658031990379648e+00
2.786201723331495739e+00,2.515020660109715589e+00
3.912244056177404339e+00,1.794962007247322244e+00
2.892961206467603574e-02,3.361892713295428159e+00
1.996085528433366729e+00,3.128640547643695147e+00
1.525734458470176858e+00,2.212080057904599606e+00
3.561280616545633215e+00,1.228276548602135865e+00
3.735624332677578430e-01,2.127122728409628127e+00
5.682018799522836616e-02,3.501219776291667696e+00
1.776775208690918539e+00,2.298495696724064175e+00
2.934782876141572849e-01,1.838993694662022449e+00
9.122929513648183608e-01,9.352095694165996065e-01
3.412170443649585216e+00,7.594279790436031519e-02
2.482685730915747069e+00,3.686192499173644777e+00
1.944851963174800691e+00,3.246439221178797574e+00
2.045529445742812147e+00,2.447252926385408145e-01
1.569306988249516976e-01,3.645292193125983626e+00
3.529030719641907510e+00,3.482884381975448473e+00
3.338642603786623031e+00,1.576449270837946948e+00
2.126104064562875706e+00,1.813337459076653779e+00
2.427069614594960623e+00,3.856996991440253542e+00
1.791781412807234020e+00,6.186793622374326951e-01
1.335802483896495030e+00,1.142361755855422878e+00
2.126083017359450711e+00,2.534559815662614124e+00
1.427985442177754916e+00,2.469200843904926224e-01
7.559403498973336077e-01,3.380768636192994947e+00
1.020032975232099126e-01,1.832251407799687648e-01
2.215296887624168765e+00,3.613928644811573498e+00
2.896811437120412336e-01,3.485112288099347033e+00
2.976674450326177279e+00,1.189367038667704435e+00
2.219123104744121555e+00,5.316974665585418869e-01
2.284194469038119291e+00,2.036401375013818793e-02
3.417723068492157790e+00,1.922776320490697355e+00
3.390962164366027931e+00,1.810737317852624262e+00
1.619514461417671303e+00,2.092430060796988123e+00
2.587957579217037729e+00,1.551347814355996668e-01
3.716518069520838630e+00,3.362368982796749339e+00
2.665591387533968959e+00,1.466337829239067858e+00
1.960599104856126651e-01,2.786687563080416652e+00
1.682710184607043580e-01,5.611321035652716560e-02
3.402916205339072242e+00,2.477209417302515426e+00
1.937958517235345290e-01,1.995948321369639622e+00
3.219937745474753754e+00,1.973388614653909912e+00
3.459060204070270927e+00,1.457976825174047697e-01
3.133238655703590059e+00,1.061570510711758342e+00
2.754017258958989967e+00,1.668182366284339135e+00
2.752413811113683551e+00,2.931437206440427712e+00
2.367251720025410844e+00,3.019197574806590456e+00
8.959307818958919256e-01,1.467108405144592176e+00
2.381162710409247651e+00,3.822315770314416383e+00
3.229536218858162666e+00,2.880364511573782593e+00
5.552224612607394860e-01,1.945669854128243337e+00
4.941105863781580787e-01,2.752521405910505869e+00
3.563848568809064865e+00,1.535653054805440121e+00
4.988125404197787383e-01,1.804312522521258177e+00
3.770178966475539184e-01,3.334599103731000991e+00
3.327811581820007802e+00,8.193188371917075052e-01
1.518441972568270515e+00,3.563857573685823343e+00
2.615773717757747807e+00,1.169669120860370004e+00
8.837489627650025881e-01,4.709573935931530286e-01
2.033466870557181227e+00,2.757647085383472252e-01
3.432083310061839310e+00,8.948154512761741231e-02
2.176463340252831724e+00,3.399090658639054574e+00
1.782438264627301372e+00,8.722466758322555691e-02
2.053970217402655507e+00,5.020495498330879158e-02
2.344626086928499831e+00,1.497464428530779657e+00
2.612527265945859600e+00,6.182224326369714085e-01
3.686374736024355947e+00,3.633814695021473806e+00
9.770893909538784783e-01,1.285645095100313551e+00
2.109100655377316613e+00,1.185705270341558037e+00
3.199155628455712996e+00,2.591906797139746477e+00
1.472336743992187724e+00,2.698959795457183120e-01
3.843493268501607218e+00,3.969879287533092160e+00
3.773410474588587693e+00,3.317910143809415402e+00
2.358429365275107603e+00,3.853457636214816073e+00
1.002838143415730077e+00,3.242841339951248347e+00
3.718791601273073955e+00,2.699908643320195978e+00
2.885149788645863467e+00,1.165870990849700028e-01
1.141303092450092205e+00,3.714571085269701811e+00
9.225539575392751601e-01,1.207920756861279976e+00
2.529015204446252607e+00,2.762567295980344895e-01
2.135720616239733083e+00,3.446600196906788316e+00
1.822134258609256818e+00,3.573448481680460365e+00
1.096152075267031734e-03,3.972664894601438235e+00
1.203818053453581172e+00,3.513742737686480488e+00
3.916387666719001626e+00,1.325856420324483587e+00
3.825712405715648856e+00,1.977773244184152457e+00
1.394429137528341744e+00,2.576784031805550157e-01
2.923857698322846144e+00,2.732142494973535563e+00
2.432933713340238224e+00,1.077528603623245651e+00
1.914086430730018495e+00,8.757882554156690702e-01
2.643806694167894378e+00,2.582717677003295798e+00
2.494115434758334526e+00,2.803456802978876450e+00
6.511696601217313862e-01,1.394115314304700259e+00
4.598663844241488441e-01,2.589409509752403693e+00
3.683353563927961094e+00,2.974953963265991153e+00
2.625822783611003963e+00,8.959068659992923678e-01
3.197340040747761680e+00,3.233488940979478699e-02
3.273372235534937502e+00,3.254714497641615800e+00
4.612490939497049247e-01,3.125355549132194710e+00
3.531388963697445149e+00,6.551739945725922887e-01
1.012324668306262776e+00,2.404660545954375728e+00
8.200432432023623264e-01,2.207240217033318519e+00
3.716564758995868356e+00,5.291831351089713031e-01
2.539197827263395268e+00,1.299312939155868207e+00
1.765250473226989136e+00,3.352668268589167333e-01
5.522820228071285698e-01,2.767657501788591823e+00
1.083016262306692568e+00,4.523471354961352553e-01
1.278089434692391446e+00,9.549990590499919385e-01
3.115640943741409430e+00,3.655339907473365013e+00
2.729483463602737636e+00,7.837824239115169789e-01
3.533941334721776517e+00,1.214979724534193117e+00
3.702018603121063123e+00,3.306091447760967750e+00
3.908004599569454562e+00,1.461191260140355830e+00
2.147107979585946236e+00,2.203277323913574115e+00
2.934320481219279131e+00,2.189888246083127488e+00
3.636901533766332406e+00,2.157329981639438454e+00
1.104745783552568028e+00,3.950552992383618456e+00
3.554159943184768800e+00,8.391621458539941791e-01
6.380148247442329890e-02,3.340262462608358351e+00
1.202637259898749811e+00,3.043481017106789643e+00
1.674209616733104422e+00,2.600535904490971717e+00
1.097483344595546306e+00,2.021425005727271795e+00
3.992551519652788983e+00,3.677003143297601362e-01
1.163896342463570655e+00,3.891427549659081997e+00
2.773576788276940874e+00,1.413167477206744849e-02
1.138909572475453658e+00,1.032527483668856494e+00
3.180384025852397212e+00,1.073134860531370194e+00
1.122188132303427288e+00,2.011094553106159477e+00
7.597215785666158183e-01,2.808276672877507707e+00
1.811492548629134447e-02,3.363343588271358708e+00
1.982861014557511403e+00,9.805058751094142266e-02
8.419362652137629688e-01,8.956310538815150935e-01
2.153625528368298792e+00,1.906381929973047562e+00
3.480667078412173598e+00,2.549838323603883516e+00
2.336973949831461006e+00,3.817395141315570672e+00
2.320421782378604636e+00,3.193620314825178497e-01
2.437383646186714881e+00,2.298777983722780416e+00
1.088406934721022346e+00,1.591293805811673234e+00
8.312968194568983726e-01,5.810742712275445143e-01
3.810552583777616409e+00,3.425446345985846186e+00
3.718532234353603805e+00,3.597164341922517661e+00
2.036690326826104069e+00,2.412951483925887430e+00
2.582107175112680508e+00,3.060932843763464639e+00
3.488539265787643728e+00,9.327809794962935719e-01
2.710366427319743199e+00,1.985758266983425724e+00
1.204734475732197385e+00,3.309262511562130360e+00
6.956676812595548043e-01,3.657347464773872403e+00
3.853602550370611279e+00,2.795092977499420872e+00
3.951049583995597914e+00,9.501265393116598013e-01
1.281204569754974543e-01,3.803316616920171978e+00
6.858922157682156850e-02,7.042291023341644696e-01
2.711450830524005262e+00,2.026642617469489593e+00
1.154016437829179065e+00,2.321376880933446518e+00
3.551106795409580297e+00,1.471528895410773696e+00
1.501884831310928536e+00,3.886207073507894183e+00
1.936551564712352125e-01,7.117846969128649448e-02
2.110364205263449922e+00,1.967683981485617739e+00
3.039101060017611378e+00,2.640382650775983109e-01
1.768705248935760643e+00,3.366721262542520243e-01
3.898448729864142148e+00,8.747417202897946886e-01
4.681520915555905660e-01,2.715363139264023840e+00
2.736669559015735498e+00,1.989621798579928047e-01
1.265745899761264059e+00,3.099900309237032303e+00
1.892068497928173887e+00,9.396837272770004468e-01
3.980619284131363678e-01,3.823525376293212208e+00
4.134910952218757707e-01,1.167327239157554430e+00
1.032618966147748285e+00,3.328429304107272557e+00
2.224305147733507848e+00,2.153755901540283180e+00
1.253810253725044621e+00,2.805040623608944461e+00
6.175841927370937512e-01,2.659702284125695648e+00
6.341261335891577033e-01,9.156005004923866153e-01
1.914869569817845729e+00,2.222392693698824750e-01
1.752857445489690580e+00,1.639366793589252413e+00
3.249045710065523451e-01,3.579399627932566830e-02
2.975056306719402688e+00,2.116393061147161969e+00
6.938834497094377163e-01,1.391272503272904526e+00
2.152257849215680530e+00,3.596807848290947351e+00
3.082824293289945228e+00,2.642870182658896283e+00
1.025939113245732948e+00,1.091762363601742170e+00
3.943867021009550555e+00,2.337851260018624089e-01
3.143351766789137969e+00,3.703108059282215869e+00
9.168246980998682183e-01,2.095791271037861225e+00
9.142293705524480174e-01,1.369254417548602554e+00
8.969834724897478573e-01,5.331497635273834135e-01
3.994143526560913759e+00,6.657451490224217672e-01
2.298571720166091570e+00,2.719399814424696249e+00
3.144787299646347734e+00,1.619349900759368577e+00
6.693567343235216072e-01,3.241822284356395301e+00
2.946516079326686466e+00,6.477575004140967430e-01
2.058931250974708860e+00,7.752069620129300453e-01
7.670237938747686002e-01,5.894612848738529642e-01
7.993877412025329754e-01,2.765203157410899060e+00
3.148303904648432461e+00,3.246528080533201965e-01
1.438871811780537691e-01,2.183749455746108126e+00
1.777253799795746048e-01,1.621112613920141055e+00
2.068877116445004827e+00,1.356993201932182647e+00
1.383602361884289866e+00,7.404614708092984721e-01
1.271265269287513711e-01,7.017145255716781271e-01
3.054624662741004748e+00,3.591875321655622955e+00
1.471003616704531947e+00,7.603114030807534007e-02
2.788987336228894609e+00,2.957825982278578625e+00
3.058600413758170600e+00,1.994966770595409500e+00
1.021057456604720581e+00,1.897946140089832756e+00
2.631471151632841288e+00,8.587926196810129476e-01
1.615655213200548612e+00,3.192895546057107126e+00
2.969802419609908650e+00,1.370690035089863201e+00
2.708850230432651163e+00,1.881120232996365882e+00
1.323672231516471509e+00,2.676856742095343744e+00
2.016297638977873508e+00,9.881224565224462353e-01
2.464401597871072269e+00,3.252625864193945837e+00
2.280543124833504631e+00,1.836407644828086827e+00
1.068461527814560608e+00,3.332719329527086050e+00
1.370569865018025801e+00,3.688352656430274212e+00
2.443467223166820190e+00,1.459563972068151028e+00
2.253063057759562060e+00,6.722027873986253788e-01
1.360301747552223883e+00,3.858954457595443532e+00
3.456949486863500010e+00,2.256201288091411072e+00
3.282752617699161046e+00,3.440396238541472140e+00
3.494318246389043647e+00,1.400874154536037253e+00
4.745135611490662875e-01,5.209155839251042863e-01
1.298314630861134855e+00,3.218376845161027511e+00
2.815659834961183883e-01,2.092337112321557946e+00
2.273745831601792222e+00,9.940009310265733866e-01
1.017331123412961169e-01,3.697997136795095230e+00
1.598061030107270852e+00,1.061465422748365306e+00
3.731263737727111618e+00,2.659681344675268733e-01
2.964398760932346555e+00,1.101025792159020966e+00
1.429314631023243631e+00,3.049751229775139016e+00
7.652493810486298287e-01,1.439770463845109649e+00
9.465790006986773975e-01,7.089999009005083508e-01
2.840327749166147164e-01,1.644802996617978241e+00
3.074256540828292916e+00,1.524783431568828895e+00
2.049003182759536301e+00,1.394153837307392063e+00
2.635682060879692479e+00,8.417168780020687358e-01
1.271254104925838568e+00,8.832401871874870913e-01
3.243955102538039537e+00,1.812754757509571490e-02
9.572403083796037215e-01,8.317750062684825529e-01
3.175545274709222543e+00,1.214947057566915234e+00
1.050214598702539526e+00,1.375716484695870712e+00
2.438019526807599036e+00,2.886362428407248437e+00
4.767943462334836013e-01,2.775593430436217535e+00
2.987432951063897058e+00,2.712503646702056237e+00
1.080205855533167281e+00,2.952131192305459173e+00
1.259426541952501921e-01,1.272954455413387809e+00
1.517703964890418700e+00,1.964415737075575041e+00
2.282910319367761787e+00,2.728210144113174085e+00
2.760977618121786659e+00,4.141890328731179238e-02
3.579121073196546821e+00,3.694332829588758305e+00
2.967350133803920986e+00,1.774855686648618480e+00
1.953438596870386679e+00,1.074946551809893958e+00
4.758280619255059740e-01,3.916432800529841884e+00
3.975316558643287035e+00,3.508977480834643004e+00
3.509713847662965236e+00,1.169830062695120798e+00
1.963502253173839751e+00,2.676991724416881269e+00
2.890685312490657743e+00,3.502428493457143688e-01
3.813246954901080787e+00,8.090226981145600682e-01
3.445892205002613284e+00,3.720210315485670272e+00
8.894312789470140146e-01,3.101117856181900834e+00
2.282717022624392467e+00,1.928666806172031567e+00
1.574267192766136692e+00,3.634771438312471847e+00
1.520095836922108923e+00,1.489073639459377318e+00
2.409986850624655119e+00,3.158922500981222736e+00
3.703314048908423306e+00,3.223046388277567953e+00
2.356905074219139529e+00,3.746348665944205347e+00
3.511567014246811613e+00,3.905236186902486306e+00
3.284186119589190600e+00,6.564594133268570886e-01
2.040785105553565071e+00,3.427701520781444522e+00
1.611388613152921589e+00,1.548560373476650653e+00
1.956632072177948878e+00,1.488313383505583509e+00
3.080609494168455420e+00,2.573623497453769726e+00
2.830011059237314441e+00,3.079759115250251700e+00
3.650697745369242408e+00,1.108671814419646573e+00
3.715285170059996922e+00,3.386659058527724753e+00
1.674682964957916909e+00,2.501469250339183326e-01
4.809687936184414703e-01,1.441418513306993887e+00
3.011353753538168476e+00,2.748385663248292143e+00
3.434016282503522088e+00,1.082163480444082282e+00
1.677645257950957092e+00,5.552540086698218857e-01
3.175693041232315217e+00,5.349754915604645333e-01
1.353882165193251552e+00,1.657792267882802761e-01
8.597772348327792358e-02,3.453660717056061813e+00
3.235434996824835263e+00,2.429740066425533307e+00
3.587655159818838868e-01,3.286624754723085573e+00
3.906207214425365226e+00,2.197399244234010673e+00
1.005808572650183752e+00,5.187245635514794451e-01
2.827698305127587464e+00,1.461473529446591701e+00
2.309901674834419438e+00,1.920760771980854820e+00
1.212415678576913347e+00,2.326781127743595690e-01
3.696062418165033669e+00,2.197316588140242555e+00
1.711424760799674427e+00,1.365330457898165317e+00
3.605205157053946952e+00,1.979383337077003535e+00
2.793118396590111185e+00,2.963013901809349981e+00
1.044854213273453514e+00,2.017119269806414206e+00
3.343307199312755884e+00,1.611162980540041811e+00
2.888089675499420306e+00,1.249497338697935334e+00
1.830742451255233938e-01,2.433305536753338494e+00
2.229791862922201773e+00,3.774307148630814623e+00
2.985601890746859333e+00,3.629136618059375596e+00
2.408131859747415948e+00,3.960655368562881584e+00
3.132693787725835399e-01,3.702422394240083126e+00
2.113166924574844785e+00,9.048012909610081422e-02
2.245471979109686433e+00,1.005924348859794648e-01
3.570619158569429796e+00,1.472200072486482991e+00
2.205336318782585625e+00,1.618015738005897930e-01
2.542049524205916455e+00,3.682258433571710121e+00
2.141153978259020541e-01,2.813726086764011036e+00
1.874585662151999177e+00,1.554312088319487195e-01
3.572796533969255783e+00,2.959585237857333073e+00
2.978503128309978099e+00,3.665573658860049377e+00
2.915591765297243843e+00,2.754848319301260950e+00
6.352456030164894685e-01,3.119130148428252980e+00
3.247387640543808018e+00,2.619245131723888065e+00
9.896260714361204691e-02,3.356048938139128079e+00
2.950251174373064167e+00,9.691803871929254299e-01
1.341285758263219829e+00,9.832031657953308468e-01
8.829008503097663940e-01,3.102224652006169148e+00
3.371196940267438436e+00,1.442729814945889810e+00
3.066240293127001859e+00,9.584887024322239490e-01
1.228372496502788902e+00,2.939229886770938993e+00
1.619373850436328421e+00,3.608606748774225270e+00
3.003574116656885451e+00,2.686230750533750378e+00
2.554370999607448400e+00,2.965683043809699271e-01
1.195383900676757261e+00,3.250246504720338159e+00
2.673299048010860712e+00,3.575738809968938003e+00
1.197851527425905171e+00,1.570107797117876736e+00
3.464350986059478554e+00,3.645232612467217859e+00
1.127129502728773769e+00,2.395157544664544336e+00
7.159665123306750978e-01,1.024073254544201728e+00
1.644696766438862312e-01,3.603446603520854552e-02
1.555335517662571831e+00,7.221714436071939858e-01
2.012797752774128757e+00,1.757169053349969978e+00
1.434785521922997020e+00,7.879305763513069216e-01
3.775487599891890422e+00,3.037611115649204940e+00
1.664440740629107740e+00,3.769168318573913545e+00
1.841386064449580307e+00,1.330733627007123054e+00
1.159593711056913445e+00,3.702064138767780843e+00
4.466772578877211686e-01,1.037358953030154574e+00
1.602841893123814199e+00,1.996040633845632239e+00
2.254618320235315387e-01,1.914104996612562282e+00
2.911233406505092436e+00,2.137377494306286874e+00
2.418541312984541669e+00,2.301273036683526119e+00
2.262758807897377711e+00,1.110473894738562617e+00
7.827353238246246292e-01,1.612149060063768236e+00
2.319880870226587177e-01,3.818396470449683999e+00
3.655625410729861358e-01,3.629337284524750018e+00
3.724785828344508776e+00,3.620914832004605177e+00
3.365332734445350304e+00,1.173231856466137923e+00
3.889694939101357996e-01,6.969563399780134283e-01
2.352670518175794534e+00,5.143033793708231549e-01
2.959681849458182246e+00,2.046151287536577268e+00
3.870800660323038489e+00,1.332645495866187968e+00
4.380357518970612318e-01,2.253023836113668299e+00
3.615793212520577615e+00,2.804430989935002394e+00
2.518713624536869755e+00,2.742963367546238818e+00
2.681153081929052995e-01,1.944372480476888931e+00
2.340593068399184240e+00,8.591545442205750227e-01
1.773836816176334263e+00,3.735774879035789642e+00
4.449914424759700005e-01,1.045873943285232421e+00
2.484232003940888056e+00,2.117282318574476907e+00
6.097304996458579041e-01,2.183790655871923114e+00
3.277557753992619283e-01,3.064222930359309593e+00
6.082912226428738300e-01,3.000375455124070001e+00
3.637826637503255522e+00,9.323744606910731036e-01
2.244722620372729516e+00,1.240243451306694222e+00
2.500082477456751828e+00,3.869205767057835033e-01
1.997803546941121056e+00,1.420704838206173548e+00
3.098621124410108507e+00,3.096926070776455653e+00
2.444638220121952976e-01,2.267957935317493678e+00
3.461827007687619862e+00,3.927444191708042709e-01
1.490140825444170147e+00,2.011792081769555818e+00
1.838729993101183791e+00,2.225575531153419107e+00
1.404468284964847768e+00,2.649645313649982015e-01
2.242229724402481583e+00,1.769638615202084875e+00
2.562159040412070432e+00,2.164848830348680586e+00
1.736641891578642127e+00,1.651602164436142495e+00
4.007024930914941940e-01,2.124697660697580481e+00
2.588970082325352529e-01,3.635847039323524044e+00
1.267785602460037797e+00,2.477550098048167726e+00
2.789255820786188611e+00,2.889766733412399091e+00
1.510846327046491133e+00,1.003569221865202366e+00
2.206619310736823714e+00,2.194457042573230598e+00
5.368950209768863502e-02,1.105545963299664702e+00
2.093354143683563429e+00,1.784676751424768781e+00
3.460057998193694750e+00,2.991548684179437867e+00
3.451777141235215396e+00,3.042752053405083146e+00
2.380448182042319782e+00,1.790675877851217734e+00
1.653733286125548929e+00,3.107926084480586937e+00
2.423838357458572013e-01,3.418696029720047491e-01
8.467543542814577329e-01,2.699800963050368985e+00
3.059156705322151559e+00,2.474544351441118728e+00
3.147552406071640441e+00,2.714248229904230314e-01
2.512491779979890261e+00,1.316957977625495158e+00
1.080066615721358314e+00,3.123448893819200656e-01
5.185786405044447989e-01,8.343251422048059140e-01
6.909430406301022565e-01,3.574296115639042704e+00
3.235829809135754243e+00,1.320975232733981208e+00
1.341514554864106756e+00,2.036505655946466931e+00
1.191004247406163952e+00,3.061451414158988804e-01
1.891487423958161607e+00,2.652009690374826256e+00
3.243603637083731339e+00,3.282555596865014191e+00
1.782652112671449629e+00,2.777252921270390917e+00
7.662731616554814273e-01,3.716066740867633111e+00
3.785238411215754883e+00,2.177747736223113684e+00
2.751770750355582607e+00,7.281426372887613852e-01
2.992664937200296027e+00,3.440822596838870151e+00
1.312622315494956560e+00,1.677087768578946481e-01
2.479758745735560765e+00,3.240033376967736967e+00
1.321115691979007689e+00,1.767964320078430074e+00
8.147866885425951722e-01,3.919675906147808142e+00
3.450516256041870289e+00,1.499028765409133879e+00
1.561033859699471726e+00,3.857193416390511942e-01
2.295855687141938439e+00,1.373556655571489316e+00
2.559052228651719219e+00,3.933961667809841689e+00
6.283437450990088102e-01,3.696744027053775472e+00
9.304318130311304280e-01,2.439942659953074688e+00
8.910863943648061891e-02,1.957770992325434722e+00
3.689037334416930491e+00,2.584747846246845171e+00
1.227166421887246894e+00,1.463150742352855360e+00
2.349108066558309726e+00,3.396374724538077317e+00
2.616144418331705079e+00,3.203853860605361703e+00
2.420771657795783849e+00,3.049897952211138463e+00
8.402524780331521725e-02,2.817799924573921366e+00
2.336873973618184497e+00,8.115293565357553085e-01
3.287834660918691032e+00,4.404701158455699428e-01
3.296156760766391081e-01,1.882238739091717239e+00
2.876535363054855132e+00,1.280702853252124740e-01
7.205622966988309841e-01,8.907443367931007216e-01
3.998505197468466665e+00,2.707541480522377864e+00
3.928748526035586330e+00,3.646287991249713478e+00
1.136876876588309493e+00,1.371967856992081458e+00
2.667016534332026900e+00,1.887265783234598260e+00
1.312650039670017144e+00,8.815892835397325378e-01
2.434023827429149911e+00,3.024211789150940799e+00
3.585554635880378260e+00,1.734042394397332654e+00
1.823886449483834493e+00,9.051187330314065527e-01
1.789700465518781591e+00,3.726474667249358497e+00
3.673031673057030488e+00,2.448882697817568843e+00
3.824207460648490819e+00,2.855066720342405606e+00
6.270996545562219637e-01,3.522236408948102415e+00
3.648759920431859261e+00,1.905514664711599693e+00
2.526161234704973335e+00,1.002078934091994444e+00
2.159179705325825260e+00,3.198580526995233431e+00
3.220264109063256885e+00,7.706946011707835886e-01
3.459954871857038761e+00,2.939816211681806735e+00
3.295107273053687891e+00,7.563952437062178014e-01
1.748841733948356847e+00,3.702906555128009369e+00
3.050624823426412835e+00,2.079513305335190854e+00
5.871993143608857935e-01,3.453133267107293403e+00
3.545444671504501599e+00,1.900255242352501206e+00
3.690521020589558443e+00,2.333407507197815089e+00
4.396230444796866976e-02,2.214159184985678763e+00
1.097976690441727410e+00,3.519132046689512627e-01
2.570782867978479658e+00,3.976169830845548425e-01
3.406279810507011785e+00,1.262039354028924087e+00
3.981542276897560573e+00,8.605635597465615128e-01
1.339897212488457612e+00,7.247466589854312247e-02
1.158421640828933619e+00,1.113784159284677777e+00
1.149461470913350603e+00,6.817814432859505835e-01
1.956832919577319974e+00,2.847756705412334277e+00
3.054228190320031899e-01,9.494235198136662390e-01
2.424174655046224203e+00,3.945942356146112218e+00
1.904535992396994004e-02,2.471515363440248247e+00
2.731150154358389148e+00,1.100317691830118960e+00
2.807413474111379870e-01,1.963821602833003777e+00
2.625989860935050491e+00,2.314645430892495970e+00
2.033149962057594351e-01,6.742646770695652769e-01
1.789510641383604383e+00,1.054584307721654124e+00
1.178366087945856844e+00,9.215552733139058539e-01
3.101958116013818767e-01,3.245191695928819176e+00
4.413971489987389418e-02,3.646752194610022091e+00
3.588011090325224028e+00,1.612344237297911764e+00
2.680130980286435260e+00,2.189403284681479711e+00
8.161058126165907645e-01,1.408549329962832442e+00
5.465374740384461028e-01,2.520965356487987030e+00
2.176534733274642974e+00,6.758919042216380291e-01
2.517303739895627057e+00,6.078621203989058586e-01
2.846423539953452320e+00,2.263057923430718432e+00
1.506580813404156949e-01,1.099792029970209750e+00
1.373222194235630411e-01,2.865370605522957526e+00
6.626012201351483277e-01,5.649051897671077960e-01
2.367532327233653699e+00,6.324964649863451527e-01
1.600792659586318667e+00,2.855523206564046124e+00
1.911659251810892357e+00,1.194120772111357809e+00
3.189022387979456585e+00,2.742616820657855836e+00
4.936296272422113773e-01,2.048637707872575930e+00
1.120739933397310928e+00,3.121561793363170967e+00
2.261892549625091231e+00,1.569101241318764828e+00
7.589850811398894948e-01,1.508344782980914900e-01
1.653007296348350863e+00,4.690235557181878789e-01
8.328721750280903002e-01,2.784897337102183457e+00
2.617271961508268241e+00,1.124388463188154663e+00
3.399942077275376562e+00,2.117757423726656096e+00
3.658678750404567026e+00,1.594461096723434945e+00
3.930470668834547876e+00,2.347177658870420736e+00
3.186556908146581435e+00,8.258133070408337773e-01
1.420569336461544818e+00,1.371361069483799877e+00
7.220492102591888894e-01,3.235819019238094452e+00
1.654684108062909331e-03,2.526991491700068426e+00
1.794653971797757208e-01,3.713434237358435919e+00
1.850730926636259710e+00,2.677812111791383121e+00
6.803779329865440317e-01,3.151075904348055623e+00
1.375339664449529486e+00,3.012414402264117275e+00
1.222459577496901595e+00,2.687621443258124465e+00
1.513603085070583720e+00,2.392047217403425741e+00
2.326078850032093914e+00,3.202586493785948285e+00
1.100081828969796227e+00,3.341523253352290723e+00
9.058809905046238953e-02,9.164355437273443705e-01
2.791507591636154029e+00,2.810832399318317965e+00
1.025436180340348891e-01,1.287693422825565204e+00
1.891387535687802934e+00,1.810235326760146091e+00
9.406070428989696808e-01,1.845719172572032107e+00
3.371921561000492673e-01,2.822442941081405365e+00
3.835759622692900273e+00,3.132505195910601170e+00
2.429557627910664319e+00,1.610759635214654484e+00
2.506210138827349887e+00,2.280557688906006852e+00
1.874966152173933587e+00,2.991129894285261770e+00
1.319494044507848685e+00,2.506033313652989314e+00
3.096302561709885826e+00,3.673302852485378800e+00
3.768594023151396577e+00,1.076724081537050015e+00
3.087338477796893965e+00,1.682657253557108934e+00
3.947904344409012278e+00,7.799854526056759774e-01
4.303311011662724894e-02,4.778267453510727236e-01
1.318034913044923595e+00,1.072666341743149676e+00
2.133969049168527032e+00,1.339991544244037325e+00
3.103677141895269553e+00,1.901584289116756032e+00
1.344661584786281949e-01,3.179401251052115462e+00
2.269886326636536111e+00,1.872566679141134394e-01
3.210981601518714701e+00,2.441753604440499714e-02
2.005549876781909990e+00,2.262937039113951609e+00
3.603069673693776398e+00,1.254638607827182728e+00
2.353756785287174580e+00,3.587286247411227702e+00
2.507455963299136670e-01,4.422043739493868308e-01
1.613655204120400199e+00,2.476421312677932640e+00
6.920582098717336095e-01,3.410673018764649012e+00
1.810889880888257863e+00,2.423013952767720802e+00
9.843456746244210187e-01,1.221649799365391420e+00
9.321968251918701931e-01,1.125017362404499011e+00
3.891978734097606196e+00,2.764046330309927857e+00
2.867994831007198542e+00,2.061142876088844833e+00
3.647902739077296008e+00,2.016719276141596406e+00
1.176405613620433055e+00,2.598434238195916013e+00
1.334563998477199309e+00,3.582165359827921947e+00
1.437526903637265541e+00,3.851096572083132052e+00
2.298519939189378913e+00,2.210053934211694493e+00
8.649756943175961332e-01,8.549438821537300726e-01
2.249417989077643565e+00,3.428473668524874007e+00
2.383695040018372957e+00,8.336936776003986971e-01
2.723830644782015309e+00,1.768418071863144370e+00
3.901731616040548190e+00,1.738032217393164380e+00
3.334253768009863172e+00,2.753942168291294568e+00
3.180990815400440930e+00,8.757486630686219797e-01
3.428752992751281425e+00,6.292732177481505929e-01
7.552267202609366237e-01,2.574483781097710366e+00
2.304239093928627469e+00,1.443345558889876923e+00
7.673779676259351312e-01,1.334207785106547917e+00
2.773773766277602526e+00,1.835827801497967204e+00
3.420954468618555566e-01,3.255138044308784728e+00
5.860576771065986179e-01,1.368729437315239661e+00
8.695656818237780250e-01,3.804690540618236305e-01
2.370393593118086173e+00,7.183230656904360245e-01
1.279422581796343383e+00,2.931419134356771927e+00
4.045981958122428779e-01,9.153656695980574298e-01
1.143154963008075509e+00,3.304053213737506489e+00
1.990111659754481011e+00,3.069055916561091557e+00
3.471803849040783430e+00,1.641484439307546062e+00
3.001518454684240833e+00,3.874606913285485899e+00
2.496015967762952759e+00,1.086598925538335703e+00
2.877515878198173560e+00,1.955026018760913864e+00
1.455873679236048268e-01,7.033511434532093709e-01
2.904201201797045329e+00,2.736764965074024225e+00
2.176594914957731941e+00,2.552720635537737870e+00
1.509784511368788884e+00,3.150643300193873397e+00
2.051057401223959520e+00,2.263879201392850149e+00
3.606877250264994839e+00,3.380595381437704994e+00
1.984938885245967732e+00,6.506741043310095840e-01
7.598102323364219757e-01,1.320906321310961751e-01
3.058113657274561081e+00,4.461471840895461227e-01
1.909974077831864125e+00,2.394390933676980637e+00
2.413923671323248588e+00,3.491981501388046638e+00
5.297464083308920380e-01,2.398451394671409886e+00
6.068359413244848177e-01,1.199549775379413319e+00
9.787316057212871456e-01,6.871388393938460126e-01
1.078673830051882998e+00,3.519865717946828454e-01
1.284291819419470571e+00,3.108456060412903454e+00
1.571303985905383005e+00,2.801012339833930831e+00
3.307246363648302268e+00,3.599283671113673311e+00
1.974836943014772750e+00,1.738987291391880241e-01
1.626581240021848007e+00,6.126443336442153331e-01
1.240235761572426210e+00,2.874315552204809165e-01
3.308126633895107194e+00,1.430725625683183733e+00
2.815243739825996627e+00,1.010890559162413105e+00
2.409185736042121384e+00,7.708144656150310858e-01
6.382984523894443818e-01,2.079157782274981603e+00
8.345709879095255523e-01,1.869707267052444610e+00
2.255874210189201090e+00,8.165527920738768763e-01
1.830766803820392141e+00,1.643564285514232282e+00
2.074918548221714509e+00,1.736683441319577081e+00
8.606753733917957838e-01,3.289436264032503665e-01
2.317279755105201566e+00,3.676457120767777642e+00
2.871912986759048714e+00,3.920752763181920120e+00
1.671082366242144346e+00,1.117360097489686233e+00
1.329739801483009742e-01,2.250536252266240211e+00
3.885744782247897877e+00,2.765421498208331386e+00
1.398765706650793028e-01,1.269575835671896247e+00
6.719597603160445409e-01,1.074903350841639682e+00
1.170632574906024903e+00,2.999272170000015336e+00
2.072808636277537531e+00,8.468309226257271227e-01
1.420797842493254137e+00,2.550394241317022193e-02
9.918471921920719581e-01,1.284047604505814899e+00
3.676452052463035969e+00,1.047373165841136711e+00
1.223026071831272432e-01,2.278480284739308637e+00
2.991463212600725896e+00,1.336611161266996639e+00
2.408459745006630293e-01,3.172512708870610876e+00
2.032288937030815035e-01,1.863940697656741641e+00
2.891540571405317728e+00,1.552597489916909712e+00
1.049390575949199267e+00,1.917802642273240821e-01
2.979807237666173503e+00,3.320096443660176977e+00
7.254595757170552162e-01,2.662103520793067890e+00
2.115237477673972855e+00,3.875656007861560504e+00
2.789894217396229337e+00,3.638940943245164039e+00
1.342318117371013475e+00,1.597073157900900764e+00
3.602871878645609094e+00,2.454840405156112126e+00
3.456654538952505185e+00,1.073604901564616299e+00
2.896469024308081064e+00,2.016358441999579032e+00
1.609463425132250602e+00,9.157945040586010776e-01
3.370904714699070048e+00,4.083467977118750980e-01
2.520878134093313072e+00,3.298271167578546770e+00
1.069383669138094461e+00,1.194610479581169837e+00
2.948018238781166644e+00,1.270696300328837403e-01
6.480035802830728109e-01,1.089553438656742479e+00
3.430638736042788128e+00,9.637955783043552493e-01
2.353499368426747562e+00,1.969601461258051245e+00
4.748909814047834743e-01,3.132020672564188146e+00
7.548433469394959516e-01,3.982908813252954427e+00
1.944583617906357365e+00,2.676751123783797315e+00
4.791926134723221153e-01,3.467415641429765660e+00
2.888951993986478062e+00,4.155951905241517252e-02
9.132250875493719278e-02,3.944660029143971069e+00
4.250521680779302258e-01,3.485716934269600387e-02
3.043186340253565270e+00,2.555631519279681463e+00
2.305113923437136503e+00,1.989998170586262827e+00
5.470297069328813322e-01,1.701927402651400634e+00
2.714473549190437929e+00,2.432193803425792389e+00
8.906329157475996183e-01,2.966920210178138007e+00
6.669097663932550546e-01,3.805793349455645291e+00
1.017677009538406008e+00,2.379139003269118646e+00
4.953547994599647453e-01,3.347651057838767930e+00
3.554688726791283226e+00,1.298890708512216996e-01
9.666646222091608287e-01,1.877757376753966145e+00
2.661662770358699248e+00,1.699445065061341520e+00
9.210050980081043726e-01,1.545983879416247930e+00
6.339976282963388776e-01,5.570591861008353796e-01
3.271639284243397672e+00,1.302740104214099581e+00
1.973302711538488907e+00,1.741634602934325482e+00
3.689903374254040358e+00,1.800812239380398694e+00
3.290848593115886178e+00,3.648667538753938011e+00
1.396431129152058137e+00,3.809422281597605764e+00
1.536647607427220397e+00,2.707346877459260170e-01
7.326814939684211936e-02,3.088715586429695570e+00
1.250857071829345912e+00,3.034569154858491657e+00
2.373570779711308809e+00,2.792159336570247952e+00
1.824391586630313977e+00,4.049715704291592111e-01
1.882027237986663604e+00,2.942431966320506298e+00
7.354128489058116003e-01,2.907156140839692426e+00
3.623552750203721029e+00,3.146505470932150939e+00
1.586235868320645892e+00,1.827835126498745577e+00
2.987029156583521861e+00,1.310200977126545041e+00
2.894785015208161116e+00,2.991419369346044022e+00
2.542371196623644192e+00,1.300995610918325607e+00
2.339031286961435363e+00,5.704981739464143331e-01
2.310419793482756390e-01,2.319573110203602351e+00
1.967471619251781600e+00,2.609459354852022628e+00
9.138075232013544991e-01,2.592686041108050343e+00
6.831095231460668771e-01,1.388737150314939495e+00
3.719367683390364832e+00,3.866896812176896514e+00
2.623330738377238625e+00,1.111814732749329515e+00
2.977286442397980792e+00,1.650705742102943852e+00
2.842076019164015310e+00,1.056659798031444275e+00
3.344922145949064340e+00,3.746869015951159732e-01
5.541014310625063111e-01,2.181372174004930997e+00
6.127365243180626919e-02,1.983064551157171174e+00
8.920539280067512067e-01,1.374159386901461666e+00
2.240324787846014853e+00,2.754170483619000631e+00
3.207869285092732614e+00,2.973537810150920890e+00
8.981177811647502729e-01,2.442180132622949529e+00
3.622610394503537723e+00,4.364547933170013216e-01
3.219411766819198828e+00,1.342873097549324601e+00
6.153109433023447039e-01,2.815499311702843066e+00
2.806727548139446693e+00,1.574276585463170175e+00
3.929002677083903716e+00,2.574414374949191231e+00
4.588222742248788677e-01,1.870833608819877814e+00
1.326999177772631100e+00,7.221408857660294167e-01
3.758237680715021956e+00,2.243639470809765779e+00
2.512237015729410494e-01,3.926234479608472050e+00
8.600308053624181603e-01,3.139607394591982015e+00
1.586429426948869903e-01,3.460310668034824566e+00
6.971850332883811063e-01,3.392509223956636788e-01
1.134586259803497477e+00,1.249684719280985679e+00
1.237926590211079425e+00,3.128366314212070343e+00
2.982751893564569823e+00,3.466544986467924083e+00
3.417046000215652413e+00,3.602097591428535139e+00
1.415041978079831786e-01,3.235057656986058738e+00
1.121888589096196043e+00,1.636083881284911445e+00
3.155299896623932288e+00,3.493856507269764933e+00
1.902521894761889154e+00,7.669495336973395361e-01
3.423817929963827389e+00,3.071487497663327293e+00
1.322906944699462795e+00,2.165290442625556366e+00
1.842663772792163535e+00,1.644014055995933532e+00
1.826334955660543269e+00,2.139767052027512495e+00
4.977447206803891078e-01,7.632504350195197240e-01
1.237314397863913396e+00,6.487044765215861375e-01
2.582214779765887869e-01,1.507478529418982305e+00
2.729654035909870213e+00,2.382909096502595858e+00
2.200491812280120918e+00,3.573254890904284942e+00
1.431306632868834861e+00,3.787172508648779079e+00
3.114666834339386181e+00,1.905248956577219044e+00
2.290083727974487449e+00,9.659226652354697684e-01
3.592771950023877281e+00,4.521020671294406768e-01
2.605903759481136284e+00,2.858859855198630395e+00
2.975073339369967318e+00,1.874544735687164287e+00
2.816492061037418004e+00,6.164705287901055542e-01
2.731474987672157795e+00,2.333401222903247252e+00
1.332772629920204732e+00,1.147171882153527722e+00
1.307488742664651316e+00,8.846732006476480947e-01
1.836379262987032579e+00,2.656344424029121409e+00
8.490023696443511625e-01,2.995403926710928921e+00
3.142723436027249573e+00,1.140857717635216595e+00
3.898968905507222527e+00,2.252460784172134911e+00
3.545672033836348547e+00,1.045478505910364841e+00
2.664567658214498813e+00,2.119292459189838773e-01
2.847273270063115813e+00,1.733769785698701771e+00
1.138562585756866419e+00,3.997599658974311687e+00
2.447801120921973439e+00,6.755038150939762787e-01
1.004742196945434429e+00,3.140087576081546761e+00
2.659242844493330260e+00,1.106488850712122662e+00
3.430952008044555690e+00,7.437262909543771450e-01
3.239983810389154950e+00,2.792827976386357047e+00
3.545782118160355267e+00,1.357286920345314396e+00
2.309813480855172241e+00,1.902311602918099975e+00
2.366007248067106605e+00,2.318830392775469651e+00
6.891810411912624446e-01,1.740394951717959326e+00
2.051395693687533051e+00,6.305929801600020923e-01
9.821238654875084073e-01,1.884349998342332633e+00
2.541655371036053879e+00,1.721414019505908666e+00
1.280559368188347591e+00,3.564460120390102293e+00
1.413712849245560399e+00,2.238192056514461736e+00
7.265854349026277248e-01,3.284497636450799618e+00
2.084495024355842219e+00,1.205332337483030702e+00
3.264963133112301463e+00,3.106020991403773746e+00
9.851775153262209983e-02,2.590165390593434314e+00
3.304536025603845850e+00,2.412559348051859232e-01
3.339669390053311204e+00,3.650473596242020058e+00
1.719605802137609718e+00,1.760297822811696999e+00
2.809440535473709755e+00,9.053340522582065120e-01
1.651320655812239302e+00,1.679634352295063859e+00
1.171027195318817160e+00,8.379895271138080304e-01
1.807495398206624415e+00,3.069066383362144546e+00
3.662037322986610999e+00,1.447073334654520593e-01
1.536960909027343725e+00,2.087755254583059106e+00
1.127393530209393813e+00,1.219045865199078538e+00
1.315241666847770663e+00,9.923231441939428521e-01
2.876881589129200112e+00,1.588187728146950750e+00
7.921245775511875920e-02,2.328910870409636402e+00
5.461652568094503835e-01,7.811945616987649998e-01
6.511690028094068161e-01,2.403525111456296770e+00
3.031916628276899672e+00,3.831569710767904535e+00
3.246350398721186359e+00,1.689461000894219467e+00
2.966310594604293804e+00,2.746693383907940600e+00
3.895675462045479875e+00,2.732752190082698984e+00
2.643650445888399592e+00,3.412316272943042961e+00
2.352499675099908316e-01,4.316676798241099178e-01
9.243407434746409024e-02,3.259107500159577508e+00
3.895112974625354330e+00,1.138586766395296657e+00
3.658319147436986274e+00,3.904530595636125589e+00
2.229869952156700030e-01,1.870049593020556955e+00
6.616573136583223658e-01,1.213848730081972693e+00
1.474388171573527195e+00,1.228228535159782364e+00
8.579400533689161001e-01,9.750038470505142385e-01
2.742574240427752219e+00,3.157303240672122868e+00
1.229946411696220654e+00,1.184250394978447751e+00
2.402842476483086909e+00,3.436369711564752016e+00
3.050777172769195023e+00,3.483785780520638031e+00
3.963675570972837292e+00,3.116027654865982655e+00
2.035535662089296594e+00,2.212439270421699966e+00
2.916099076036203996e+00,1.388461163752810368e+00
3.773099994537931767e+00,5.144043536216802437e-02
9.869290778054842228e-01,2.472936750745505563e+00
9.407805907174804361e-02,1.293736011446253276e+00
6.641349823167850275e-01,2.636352433799682871e+00
1.363587414441061352e+00,9.100747330187619610e-02
